{"cameraMode":{"drawMode":0,"name":"Shaded","section":"Shading Mode"},"sceneLighting":true,"audioPlay":false,"sceneViewState":{"showFog":true,"showMaterialUpdate":false,"showSkybox":true,"showFlares":true,"showImageEffects":true,"showParticleSystems":true},"in2DMode":false,"pivot":{"x":4.237387180328369,"y":-4.786294937133789,"z":1.5578463077545167},"rotation":{"x":0.12645043432712556,"y":-0.2826864421367645,"z":0.03762301057577133,"w":0.9500964283943176},"size":2.2990384101867677,"orthographic":false}